Workbook

Sheet Instrucciones
A1: Calificación del Proyecto Intermodular — Administración de Sistemas Informáticos en Red (ASIR)
B2: Curso 2026-2027 · thePower FP
A4: 1. | B4: Este libro permite al tutor/a de proyecto calificar el Proyecto Intermodular con dos instrumentos complementarios, coherentes con la programación didáctica del módulo.
A6: 2. | B6: Pestaña «Rúbrica (referencia)»: los 11 ítems oficiales, su peso real (suman 100 %), el Resultado de Aprendizaje (RA) al que se asocia principalmente cada ítem, y los descriptores de los tres niveles de logro (Excelente / Aceptable / Insuficiente). Es solo de consulta.
A8: 3. | B8: Pestaña «Calificación por ítem»: por cada alumno/a, escribe su nombre y selecciona en cada ítem el nivel obtenido (1 = Excelente, 0,5 = Aceptable, 0 = Insuficiente) con la lista desplegable. La nota sobre 10 se calcula sola, aplicando el peso real de cada ítem. Si concurre alguna causa de suspenso automático (ver Rúbrica), marca «Sí»: la nota se pone a 0 con independencia de la puntuación de la rúbrica.
A10: 4. | B10: Pestaña «Calificación oficial (RA)»: para el acta y el boletín, introduce la nota (0-10) que corresponda a cada uno de los 5 RA, a partir de tu valoración global de la memoria y la defensa (apoyándote en la rúbrica anterior). El nombre del alumnado se rellena solo, tomado de la pestaña anterior. La nota final del módulo es la media de los 5 RA (20 % cada uno), redondeada al entero más cercano.
A12: 5. | B12: Solo debes escribir en las celdas amarillas. El resto de celdas contienen fórmulas: no las modifiques. La primera fila de cada tabla es un ejemplo con datos ficticios: sustitýyela o bórrala antes de usar la hoja con tu grupo.

Sheet Rúbrica (referencia)
A1: Rúbrica de evaluación del tutor — Administración de Sistemas Informáticos en Red (ASIR)
A3: Ítem | B3: RA relacionado | C3: Peso | D3: Excelente (1,0) | E3: Aceptable (0,5) | F3: Insuficiente (0,0)
A4: Defensa y presentación | B4: RA5 (y RA1, criterio i) | C4: 0.15 | D4: Memoria correctamente maquetada según el modelo. Diseño de la presentación adecuado (logo, imágenes, infografías, textos resumidos, número adecuado de diapositivas). Exposición clara, con contacto visual, no dependiente de la presentación, lenguaje adecuado y respetuoso, expresión corporal, respuestas claras y concretas. Puntualidad y ajuste al tiempo establecido. | E4: Algunos pequeños fallos de maquetación en la memoria. Falta algún material, foto o diagrama en la presentación. La presentación tiene pocas o demasiadas diapositivas que no aportan valor. Desviación inferior al 30 % del tiempo asignado. Se apoya demasiado en la presentación. No despierta interés en el proyecto o no contesta con precisión a las preguntas. | F4: La memoria no se ajusta al modelo. La presentación está desordenada o contiene faltas de ortografía; es incompleta o no refleja la realidad del proyecto. Se leen las diapositivas, no hay contacto visual, no se usa un lenguaje técnico o es poco respetuoso. No se contesta a las preguntas. No se llega puntual o con el material preparado, haciendo perder tiempo al tribunal, o se desvía más de un 30 % del tiempo asignado.
A5: Definición del proyecto | B5: RA1 | C5: 0.05 | D5: El proyecto está perfectamente definido y se percibe su alcance sin rodeos. Incluye versión en español y en inglés. | E5: El proyecto está definido, pero hay rodeos o no se describe el alcance completamente. Incluye versión en español y en inglés. | F5: El proyecto no está bien definido, contiene faltas de ortografía o no incluye la versión en inglés.
A6: Resumen y objetivos | B6: RA1 | C6: 0.08 | D6: El resumen está perfectamente elaborado y se percibe el alcance del proyecto sin rodeos. Los objetivos son coherentes y están claramente identificados. | E6: El proyecto está resumido, pero hay rodeos o no se describen todos los objetivos completamente. | F6: El resumen no está bien elaborado, faltan objetivos o contiene faltas de ortografía.
A7: Antecedentes | B7: RA1 / RA2 | C7: 0.04 | D7: Existe una investigación razonable de soluciones o experiencias previas, aportando datos contrastables de dicha investigación. | E7: Existe una investigación razonable de soluciones previas, pero no se aportan datos contrastables de dicha investigación. | F7: No hay investigación, los datos aportados son subjetivos o el apartado contiene faltas de ortografía.
A8: Análisis y especificación de requisitos | B8: RA2 | C8: 0.05 | D8: Los requisitos están completamente desarrollados en tareas, agrupados coherentemente, con una estimación de tiempo o dificultad razonable. | E8: Los requisitos están desarrollados en tareas, pero no son suficientemente explicativos, tienen algún fallo de agrupación coherente, o la estimación de tiempo o dificultad no es razonable. | F8: Los requisitos no están desarrollados en tareas, no están agrupados coherentemente, o no existe una estimación de tiempo o dificultad.
A9: Propuesta de solución | B9: RA2 / RA3 | C9: 0.2 | D9: La solución está completamente descrita, también de forma gráfica, con un diseño profesional. Los recursos son adecuados al alcance del problema. El tamaño y nivel de complejidad son adecuados para un Proyecto Intermodular, con un nivel de detalle elevado que refleja una lógica de negocio real o un caso real. | E9: La solución está descrita de manera distinta al planteamiento del problema, con pequeños fallos en su representación gráfica. Los recursos no son adecuados o suficientes para el alcance del problema. La complejidad es media, repitiendo elementos ya trabajados durante el curso. | F9: La solución no está bien descrita, el apoyo gráfico no existe o tiene fallos evidentes de diseño. Los recursos no se corresponden con una solución razonable del problema. La complejidad del trabajo es demasiado simple y no refleja un mínimo de horas de trabajo adecuado para un Proyecto Intermodular.
A10: Plan de trabajo | B10: RA3 | C10: 0.05 | D10: Presenta una planificación previa y otra planificación real, valorando las desviaciones entre ambas. El plan refleja claramente el desarrollo de los objetivos, tareas y pruebas, con tiempos razonablemente realistas. | E10: Falla alguno de los aspectos anteriores. | F10: No presenta planificación, esta no es realista o no se corresponde con los objetivos, tareas y pruebas. Contiene valoraciones de tiempos ficticias.
A11: Desarrollo de la solución | B11: RA3 | C11: 0.2 | D11: La configuración, los scripts o los ficheros de despliegue siguen las normas de buenas prácticas. La solución está estructurada, se percibe la reutilización y calidad del desarrollo. No presenta incidencias no controladas. Se cumplen todos los objetivos. La infraestructura funciona, es escalable y real, y refleja y aprovecha la tecnología actual. | E11: Falla alguno de los aspectos anteriores. Falta control de errores o hay pequeños fallos mejorables en la validación de la configuración. El diseño tiene pequeños fallos, aunque es escalable y real, con alguna carencia tecnológica menor. | F11: No se logran los objetivos, la calidad del proyecto es muy pobre, no refleja tecnología real, o es una repetición de las prácticas del curso sin ofrecer novedad alguna. Está incompleto o contiene malas prácticas.
A12: Despliegue e instalación | B12: RA3 | C12: 0.1 | D12: Se documenta y demuestra el proceso de despliegue de manera completa, incluyendo planes de contingencia y definición de requisitos mínimos. | E12: Se documenta con pequeños fallos y se demuestra el proceso de despliegue de manera razonable; no hay planes de contingencia o la definición de requisitos mínimos es excesiva. | F12: Se documenta con varios fallos o no se demuestra el proceso de despliegue de manera razonable; no hay planes de contingencia y la definición de requisitos mínimos no existe o es ficticia.
A13: Evolución y trabajo futuro | B13: RA3 | C13: 0.03 | D13: Se describe completamente la evolución del proyecto y se plantean ampliaciones o trabajos futuros de manera realista, definiendo su alcance y valorando su coste. | E13: Existen pequeños fallos en la descripción de la evolución del proyecto; las ampliaciones o trabajos futuros no se describen de manera concreta, o no se define su alcance y coste. | F13: No se describe la evolución del proyecto ni se plantean ampliaciones o trabajos futuros, o estos son ficticios.
A14: Bibliografía | B14: Transversal (RA1-RA5) | C14: 0.05 | D14: Es completa, describe claramente el recurso utilizado en cada apartado de la memoria y sigue las normas APA. | E14: Es razonablemente completa, pero no describe claramente cada recurso utilizado en cada apartado, o sigue las normas APA con algún fallo. | F14: No existe, es ficticia, o no sigue las normas APA.
A16: Causas de suspenso automático del proyecto
A17: • El alumno o alumna no es autor/a de un porcentaje significativo del proyecto.
A18: • No presenta las dos entregas parciales en las que se evidencia claramente la evolución del proyecto.
A19: • No contesta a las comunicaciones del tutor o no asiste a las tutorías establecidas.
A20: • No presenta la versión final del proyecto en el plazo y la forma establecidos.

Sheet Calificación por ítem
A1: Calificación por ítem (rúbrica del tutor) — ASIR
B3: Peso del ítem → | C3: ='Rúbrica (referencia)'!C4 -> 0.15 | D3: ='Rúbrica (referencia)'!C5 -> 0.05 | E3: ='Rúbrica (referencia)'!C6 -> 0.08 | F3: ='Rúbrica (referencia)'!C7 -> 0.04 | G3: ='Rúbrica (referencia)'!C8 -> 0.05 | H3: ='Rúbrica (referencia)'!C9 -> 0.2 | I3: ='Rúbrica (referencia)'!C10 -> 0.05 | J3: ='Rúbrica (referencia)'!C11 -> 0.2 | K3: ='Rúbrica (referencia)'!C12 -> 0.1 | L3: ='Rúbrica (referencia)'!C13 -> 0.03 | M3: ='Rúbrica (referencia)'!C14 -> 0.05
A4: Nº | B4: Alumno/a | C4: Defensa y presentación (15 %) | D4: Definición del proyecto (5 %) | E4: Resumen y objetivos (8 %) | F4: Antecedentes (4 %) | G4: Análisis y requisitos (5 %) | H4: Propuesta de solución (20 %) | I4: Plan de trabajo (5 %) | J4: Desarrollo de la solución (20 %) | K4: Despliegue e instalación (10 %) | L4: Evolución y trabajo futuro (3 %) | M4: Bibliografía (5 %) | N4: ¿Causa de suspenso automático? | O4: Nota rúbrica (0-10) | P4: Resultado
A5: =IF($B5="","",ROW()-4) -> 1 | B5: Alumno de ejemplo (sustituir o borrar) | C5: 1 | D5: 1 | E5: 0.5 | F5: 1 | G5: 0.5 | H5: 1 | I5: 1 | J5: 0.5 | K5: 1 | L5: 1 | M5: 1 | N5: No | O5: =IF($B5="","",IF($N5="Sí",0,ROUND(SUMPRODUCT($C5:$M5,$C$3:$M$3)*10,2))) -> 8.35 | P5: =IF($B5="","",IF($O5>=5,"Apto","No apto")) -> Apto
A6: =IF($B6="","",ROW()-4) | O6: =IF($B6="","",IF($N6="Sí",0,ROUND(SUMPRODUCT($C6:$M6,$C$3:$M$3)*10,2))) | P6: =IF($B6="","",IF($O6>=5,"Apto","No apto"))
A7: =IF($B7="","",ROW()-4) | O7: =IF($B7="","",IF($N7="Sí",0,ROUND(SUMPRODUCT($C7:$M7,$C$3:$M$3)*10,2))) | P7: =IF($B7="","",IF($O7>=5,"Apto","No apto"))
A8: =IF($B8="","",ROW()-4) | O8: =IF($B8="","",IF($N8="Sí",0,ROUND(SUMPRODUCT($C8:$M8,$C$3:$M$3)*10,2))) | P8: =IF($B8="","",IF($O8>=5,"Apto","No apto"))
A9: =IF($B9="","",ROW()-4) | O9: =IF($B9="","",IF($N9="Sí",0,ROUND(SUMPRODUCT($C9:$M9,$C$3:$M$3)*10,2))) | P9: =IF($B9="","",IF($O9>=5,"Apto","No apto"))
A10: =IF($B10="","",ROW()-4) | O10: =IF($B10="","",IF($N10="Sí",0,ROUND(SUMPRODUCT($C10:$M10,$C$3:$M$3)*10,2))) | P10: =IF($B10="","",IF($O10>=5,"Apto","No apto"))
A11: =IF($B11="","",ROW()-4) | O11: =IF($B11="","",IF($N11="Sí",0,ROUND(SUMPRODUCT($C11:$M11,$C$3:$M$3)*10,2))) | P11: =IF($B11="","",IF($O11>=5,"Apto","No apto"))
A12: =IF($B12="","",ROW()-4) | O12: =IF($B12="","",IF($N12="Sí",0,ROUND(SUMPRODUCT($C12:$M12,$C$3:$M$3)*10,2))) | P12: =IF($B12="","",IF($O12>=5,"Apto","No apto"))
A13: =IF($B13="","",ROW()-4) | O13: =IF($B13="","",IF($N13="Sí",0,ROUND(SUMPRODUCT($C13:$M13,$C$3:$M$3)*10,2))) | P13: =IF($B13="","",IF($O13>=5,"Apto","No apto"))
A14: =IF($B14="","",ROW()-4) | O14: =IF($B14="","",IF($N14="Sí",0,ROUND(SUMPRODUCT($C14:$M14,$C$3:$M$3)*10,2))) | P14: =IF($B14="","",IF($O14>=5,"Apto","No apto"))
A15: =IF($B15="","",ROW()-4) | O15: =IF($B15="","",IF($N15="Sí",0,ROUND(SUMPRODUCT($C15:$M15,$C$3:$M$3)*10,2))) | P15: =IF($B15="","",IF($O15>=5,"Apto","No apto"))
A16: =IF($B16="","",ROW()-4) | O16: =IF($B16="","",IF($N16="Sí",0,ROUND(SUMPRODUCT($C16:$M16,$C$3:$M$3)*10,2))) | P16: =IF($B16="","",IF($O16>=5,"Apto","No apto"))
A17: =IF($B17="","",ROW()-4) | O17: =IF($B17="","",IF($N17="Sí",0,ROUND(SUMPRODUCT($C17:$M17,$C$3:$M$3)*10,2))) | P17: =IF($B17="","",IF($O17>=5,"Apto","No apto"))
... A35: =IF($B35="","",ROW()-4) | O35: =IF($B35="","",IF($N35="Sí",0,ROUND(SUMPRODUCT($C35:$M35,$C$3:$M$3)*10,2))) | P35: =IF($B35="","",IF($O35>=5,"Apto","No apto"))

Sheet Calificación oficial (RA)
A1: Calificación oficial por Resultado de Aprendizaje — ASIR
A3: La nota de cada RA (0-10) refleja la valoración global de la memoria y la defensa, apoyada en la rúbrica del tutor de la hoja «Calificación por ítem». Los cinco RA ponderan el 20 % cada uno.
A4: Nº | B4: Alumno/a | C4: RA1 (20 %) | D4: RA2 (20 %) | E4: RA3 (20 %) | F4: RA4 (20 %) | G4: RA5 (20 %) | H4: Nota media (0-10) | I4: Nota final módulo (entero) | J4: Resultado
A5: =IF($B5="","",ROW()-4) -> 1 | B5: =IF('Calificación por ítem'!B5="","",'Calificación por ítem'!B5) -> Alumno de ejemplo (sustituir o borrar) | C5: 8 | D5: 7 | E5: 9 | F5: 6 | G5: 8 | H5: =IF($B5="","",AVERAGE($C5:$G5)) -> 7.6 | I5: =IF($B5="","",ROUND($H5,0)) -> 8 | J5: =IF($B5="","",IF($I5>=5,"Apto","No apto")) -> Apto
A6: =IF($B6="","",ROW()-4) | B6: =IF('Calificación por ítem'!B6="","",'Calificación por ítem'!B6) | H6: =IF($B6="","",AVERAGE($C6:$G6)) | I6: =IF($B6="","",ROUND($H6,0)) | J6: =IF($B6="","",IF($I6>=5,"Apto","No apto"))
A7: =IF($B7="","",ROW()-4) | B7: =IF('Calificación por ítem'!B7="","",'Calificación por ítem'!B7) | H7: =IF($B7="","",AVERAGE($C7:$G7)) | I7: =IF($B7="","",ROUND($H7,0)) | J7: =IF($B7="","",IF($I7>=5,"Apto","No apto"))
A8: =IF($B8="","",ROW()-4) | B8: =IF('Calificación por ítem'!B8="","",'Calificación por ítem'!B8) | H8: =IF($B8="","",AVERAGE($C8:$G8)) | I8: =IF($B8="","",ROUND($H8,0)) | J8: =IF($B8="","",IF($I8>=5,"Apto","No apto"))
A9: =IF($B9="","",ROW()-4) | B9: =IF('Calificación por ítem'!B9="","",'Calificación por ítem'!B9) | H9: =IF($B9="","",AVERAGE($C9:$G9)) | I9: =IF($B9="","",ROUND($H9,0)) | J9: =IF($B9="","",IF($I9>=5,"Apto","No apto"))
A10: =IF($B10="","",ROW()-4) | B10: =IF('Calificación por ítem'!B10="","",'Calificación por ítem'!B10) | H10: =IF($B10="","",AVERAGE($C10:$G10)) | I10: =IF($B10="","",ROUND($H10,0)) | J10: =IF($B10="","",IF($I10>=5,"Apto","No apto"))
A11: =IF($B11="","",ROW()-4) | B11: =IF('Calificación por ítem'!B11="","",'Calificación por ítem'!B11) | H11: =IF($B11="","",AVERAGE($C11:$G11)) | I11: =IF($B11="","",ROUND($H11,0)) | J11: =IF($B11="","",IF($I11>=5,"Apto","No apto"))
A12: =IF($B12="","",ROW()-4) | B12: =IF('Calificación por ítem'!B12="","",'Calificación por ítem'!B12) | H12: =IF($B12="","",AVERAGE($C12:$G12)) | I12: =IF($B12="","",ROUND($H12,0)) | J12: =IF($B12="","",IF($I12>=5,"Apto","No apto"))
A13: =IF($B13="","",ROW()-4) | B13: =IF('Calificación por ítem'!B13="","",'Calificación por ítem'!B13) | H13: =IF($B13="","",AVERAGE($C13:$G13)) | I13: =IF($B13="","",ROUND($H13,0)) | J13: =IF($B13="","",IF($I13>=5,"Apto","No apto"))
A14: =IF($B14="","",ROW()-4) | B14: =IF('Calificación por ítem'!B14="","",'Calificación por ítem'!B14) | H14: =IF($B14="","",AVERAGE($C14:$G14)) | I14: =IF($B14="","",ROUND($H14,0)) | J14: =IF($B14="","",IF($I14>=5,"Apto","No apto"))
A15: =IF($B15="","",ROW()-4) | B15: =IF('Calificación por ítem'!B15="","",'Calificación por ítem'!B15) | H15: =IF($B15="","",AVERAGE($C15:$G15)) | I15: =IF($B15="","",ROUND($H15,0)) | J15: =IF($B15="","",IF($I15>=5,"Apto","No apto"))
A16: =IF($B16="","",ROW()-4) | B16: =IF('Calificación por ítem'!B16="","",'Calificación por ítem'!B16) | H16: =IF($B16="","",AVERAGE($C16:$G16)) | I16: =IF($B16="","",ROUND($H16,0)) | J16: =IF($B16="","",IF($I16>=5,"Apto","No apto"))
A17: =IF($B17="","",ROW()-4) | B17: =IF('Calificación por ítem'!B17="","",'Calificación por ítem'!B17) | H17: =IF($B17="","",AVERAGE($C17:$G17)) | I17: =IF($B17="","",ROUND($H17,0)) | J17: =IF($B17="","",IF($I17>=5,"Apto","No apto"))
... A35: =IF($B35="","",ROW()-4) | B35: =IF('Calificación por ítem'!B35="","",'Calificación por ítem'!B35) | H35: =IF($B35="","",AVERAGE($C35:$G35)) | I35: =IF($B35="","",ROUND($H35,0)) | J35: =IF($B35="","",IF($I35>=5,"Apto","No apto"))
